fichier	modèle	texte envoyé à ElevenLabs (voix Rachel, or4EV8aZq78KWcXw48wd, stabilité 0,5, similarité 0,75)
n01_intro	eleven_v4	[warmly] Jotna School relie l'école, les professeurs, les parents… et les élèves.
n02_site	eleven_v4	[cheerfully] Tout commence sur jotnaschool.com, qui présente la méthode, les exercices et l'espace de chacun.
n03_ecole	eleven_v4	[confidently] Pour l'école, tout tient sur une seule fiche : le contrat, réglé en trois tranches, les modules comme Arabe et Coran, et les classes. [warmly] On colle la liste des élèves, et chacun reçoit son code, avec un second code pour sa famille.
n04_parents	eleven_v4	[warmly] Avec ce code, le parent retrouve son enfant. Il suit sa progression matière par matière, et reçoit un rapport par e-mail à chaque thématique terminée.
n05_profs	eleven_v4	[impressed] Le professeur importe une fiche PDF. L'intelligence artificielle en tire des exercices, qu'il relit avant de les publier. [warmly] Il suit ensuite chacun de ses élèves.
n06_app	eleven_v4	[warmly] Et pour les élèves ? Jotna est une application mobile, sur iOS et Android !
n07_paliers	eleven_v4	[playfully] Avec Pio, ils avancent palier par palier, dix exercices à la fois.
n08_recompenses	eleven_v4	[cheerfully] Chaque réussite rapporte des étoiles, des niveaux… et des trophées !
n09_arabe	eleven_v4	[warmly] Dans le module Arabe et Coran, l'application parle à l'enfant. [softly] Écoutez.
n10_consignes	eleven_v4	[warmly] Chaque consigne est dite à voix haute. L'enfant répète, et l'application vérifie sa prononciation.
n11_outro	eleven_v4	[proudly] Jotna School. [warmly] Apprendre devient un réflexe. [cheerfully] Rendez-vous sur jotnaschool.com !
